Run,Query ID,Query,Model,Thinking,Temperature,Inference Time (s),Valid JSON,Done Reason,Prompt Eval Count,Eval Count,Response
1,Q03,Give me the films featuring more than three actors born after 1980,gemma4:e2b,True,0.05,65.292547,True,stop,1892,1127,"```json
{
  ""hypotheses"": [
    {
      ""id"": ""h1"",
      ""query"": {
        ""target"": ""Movie"",
        ""where"": {
          ""cmp"": {
            ""left"": {
              ""count"": {
                ""rel"": ""actor"",
                ""to"": ""x"",
                ""where"": {
                  ""cmp"": {
                    ""left"": {
                      ""attr"": ""birth_year"",
                      ""of"": ""y""
                    },
                    ""op"": "">"",
                    ""right"": 1980
                  }
                }
              }
            },
            ""op"": "">"",
            ""right"": 3
          }
        }
      }
    }
  ]
}
```"
2,Q03,Give me the films featuring more than three actors born after 1980,gemma4:e2b,True,0.05,73.492878,True,stop,1892,1285,"```json
{
  ""hypotheses"": [
    {
      ""id"": ""h1"",
      ""query"": {
        ""target"": ""Movie"",
        ""where"": {
          ""cmp"": {
            ""left"": {
              ""count"": {
                ""rel"": ""features_actor"",
                ""to"": ""x"",
                ""where"": {
                  ""cmp"": {
                    ""left"": {
                      ""attr"": ""birth_year"",
                      ""of"": ""y""
                    },
                    ""op"": "">"",
                    ""right"": 1980
                  }
                }
              }
            },
            ""op"": "">"",
            ""right"": 3
          }
        }
      }
    }
  ]
}
```"
3,Q03,Give me the films featuring more than three actors born after 1980,gemma4:e2b,True,0.05,86.156078,True,stop,1892,1511,"```json
{
  ""hypotheses"": [
    {
      ""id"": ""h1"",
      ""query"": {
        ""target"": ""Movie"",
        ""where"": {
          ""count"": {
            ""rel"": ""has_actor"",
            ""to"": ""x"",
            ""where"": {
              ""cmp"": {
                ""left"": {
                  ""count"": {
                    ""rel"": ""has_actor"",
                    ""to"": ""y"",
                    ""where"": {
                      ""attr"": ""birth_year"",
                      ""of"": ""y"",
                      ""op"": "">"",
                      ""right"": 1980
                    }
                  }
                },
                ""op"": "">"",
                ""right"": 3
              }
            }
          }
        }
      }
    }
  ]
}
```"
4,Q03,Give me the films featuring more than three actors born after 1980,gemma4:e2b,True,0.05,73.099492,True,stop,1892,1275,"```json
{
  ""hypotheses"": [
    {
      ""id"": ""h1"",
      ""query"": {
        ""target"": ""Movie"",
        ""where"": {
          ""cmp"": {
            ""left"": {
              ""count"": {
                ""rel"": ""actor"",
                ""to"": ""x"",
                ""where"": {
                  ""cmp"": {
                    ""left"": {
                      ""attr"": ""birth_year"",
                      ""of"": ""x""
                    },
                    ""op"": "">"",
                    ""right"": 1980
                  }
                }
              }
            },
            ""op"": "">"",
            ""right"": 3
          }
        }
      }
    }
  ]
}
```"
5,Q03,Give me the films featuring more than three actors born after 1980,gemma4:e2b,True,0.05,71.430594,True,stop,1892,1251,"```json
{
  ""hypotheses"": [
    {
      ""id"": ""h1"",
      ""query"": {
        ""target"": ""Movie"",
        ""where"": {
          ""cmp"": {
            ""left"": {
              ""count"": {
                ""rel"": ""actor"",
                ""to"": ""x"",
                ""where"": {
                  ""cmp"": {
                    ""left"": {
                      ""attr"": ""birth_year"",
                      ""of"": ""x""
                    },
                    ""op"": "">"",
                    ""right"": 1980
                  }
                }
              }
            },
            ""op"": "">"",
            ""right"": 3
          }
        }
      }
    }
  ]
}
```"
6,Q03,Give me the films featuring more than three actors born after 1980,gemma4:e2b,True,0.05,66.954344,True,stop,1892,1169,"```json
{
  ""hypotheses"": [
    {
      ""id"": ""h1"",
      ""query"": {
        ""target"": ""Movie"",
        ""where"": {
          ""cmp"": {
            ""left"": {
              ""count"": {
                ""rel"": ""actor"",
                ""to"": ""x"",
                ""where"": {
                  ""cmp"": {
                    ""left"": {
                      ""attr"": ""birth_year"",
                      ""of"": ""y""
                    },
                    ""op"": "">"",
                    ""right"": 1980
                  }
                }
              }
            },
            ""op"": "">"",
            ""right"": 3
          }
        }
      }
    }
  ]
}
```"
7,Q03,Give me the films featuring more than three actors born after 1980,gemma4:e2b,True,0.05,67.354926,True,stop,1892,1175,"```json
{
  ""hypotheses"": [
    {
      ""id"": ""h1"",
      ""query"": {
        ""target"": ""Movie"",
        ""where"": {
          ""cmp"": {
            ""left"": {
              ""count"": {
                ""rel"": ""actor"",
                ""to"": ""x"",
                ""where"": {
                  ""cmp"": {
                    ""left"": {
                      ""attr"": ""birth_year"",
                      ""of"": ""x""
                    },
                    ""op"": "">"",
                    ""right"": 1980
                  }
                }
              }
            },
            ""op"": "">"",
            ""right"": 3
          }
        }
      }
    }
  ]
}
```"
8,Q03,Give me the films featuring more than three actors born after 1980,gemma4:e2b,True,0.05,65.48247,True,stop,1892,1143,"```json
{
  ""hypotheses"": [
    {
      ""id"": ""h1"",
      ""query"": {
        ""target"": ""Film"",
        ""where"": {
          ""cmp"": {
            ""left"": {
              ""count"": {
                ""rel"": ""actor"",
                ""to"": ""x"",
                ""where"": {
                  ""and"": [
                    {
                      ""rel"": ""born"",
                      ""to"": ""x"",
                      ""where"": {
                        ""cmp"": {
                          ""left"": {
                            ""attr"": ""year"",
                            ""of"": ""x""
                          },
                          ""op"": "">"",
                          ""right"": 1980
                        }
                      }
                    }
                  ]
                }
              },
              ""op"": "">"",
              ""right"": 3
            }
          }
        }
      }
    }
  ]
}
```"
9,Q03,Give me the films featuring more than three actors born after 1980,gemma4:e2b,True,0.05,65.225857,True,stop,1892,1142,"```json
{
  ""hypotheses"": [
    {
      ""id"": ""h1"",
      ""query"": {
        ""target"": ""Movie"",
        ""where"": {
          ""cmp"": {
            ""left"": {
              ""count"": {
                ""rel"": ""has_actor"",
                ""to"": ""x"",
                ""where"": {
                  ""cmp"": {
                    ""left"": {
                      ""attr"": ""birth_year"",
                      ""of"": ""y""
                    },
                    ""op"": "">"",
                    ""right"": 1980
                  }
                }
              }
            },
            ""op"": "">"",
            ""right"": 3
          }
        }
      }
    }
  ]
}
```"
10,Q03,Give me the films featuring more than three actors born after 1980,gemma4:e2b,True,0.05,65.883118,True,stop,1892,1151,"```json
{
  ""hypotheses"": [
    {
      ""id"": ""h1"",
      ""query"": {
        ""target"": ""Movie"",
        ""where"": {
          ""cmp"": {
            ""left"": {
              ""count"": {
                ""rel"": ""actor"",
                ""to"": ""x"",
                ""where"": {
                  ""cmp"": {
                    ""left"": {
                      ""attr"": ""birth_year"",
                      ""of"": ""x""
                    },
                    ""op"": "">"",
                    ""right"": 1980
                  }
                }
              }
            },
            ""op"": "">"",
            ""right"": 3
          }
        }
      }
    }
  ]
}
```"
11,Q03,Give me the films featuring more than three actors born after 1980,gemma4:e2b,True,0.05,79.771131,True,stop,1892,1396,"```json
{
  ""hypotheses"": [
    {
      ""id"": ""h1"",
      ""query"": {
        ""target"": ""Movie"",
        ""entities"": [
          { ""id"": ""e1"", ""type"": ""Movie"" },
          { ""id"": ""e2"", ""type"": ""Person"" }
        ],
        ""where"": {
          ""cmp"": {
            ""left"": {
              ""count"": {
                ""rel"": ""actor"",
                ""to"": ""e2"",
                ""where"": {
                  ""cmp"": {
                    ""left"": {
                      ""attr"": ""birth_year"",
                      ""of"": ""e2""
                    },
                    ""op"": "">"",
                    ""right"": 1980
                  }
                }
              }
            },
            ""op"": "">"",
            ""right"": 3
          }
        }
      }
    }
  ]
}
```"
12,Q03,Give me the films featuring more than three actors born after 1980,gemma4:e2b,True,0.05,63.480345,True,stop,1892,1106,"```json
{
  ""hypotheses"": [
    {
      ""id"": ""h1"",
      ""query"": {
        ""target"": ""Movie"",
        ""where"": {
          ""cmp"": {
            ""left"": {
              ""count"": {
                ""rel"": ""actor"",
                ""to"": ""x"",
                ""where"": {
                  ""cmp"": {
                    ""left"": {
                      ""attr"": ""birth_year"",
                      ""of"": ""x""
                    },
                    ""op"": "">"",
                    ""right"": 1980
                  }
                }
              }
            },
            ""op"": "">"",
            ""right"": 3
          }
        }
      }
    }
  ]
}
```"
13,Q03,Give me the films featuring more than three actors born after 1980,gemma4:e2b,True,0.05,65.768844,True,stop,1892,1151,"```json
{
  ""hypotheses"": [
    {
      ""id"": ""h1"",
      ""query"": {
        ""target"": ""Movie"",
        ""where"": {
          ""cmp"": {
            ""left"": {
              ""count"": {
                ""rel"": ""actor"",
                ""to"": ""x"",
                ""where"": {
                  ""cmp"": {
                    ""left"": {
                      ""attr"": ""birth_year"",
                      ""of"": ""x""
                    },
                    ""op"": "">"",
                    ""right"": 1980
                  }
                }
              }
            },
            ""op"": "">"",
            ""right"": 3
          }
        }
      }
    }
  ]
}
```"
14,Q03,Give me the films featuring more than three actors born after 1980,gemma4:e2b,True,0.05,66.258631,True,stop,1892,1160,"```json
{
  ""hypotheses"": [
    {
      ""id"": ""h1"",
      ""query"": {
        ""target"": ""Movie"",
        ""where"": {
          ""cmp"": {
            ""left"": {
              ""count"": {
                ""rel"": ""actor"",
                ""to"": ""x"",
                ""where"": {
                  ""cmp"": {
                    ""left"": {
                      ""attr"": ""birth_year"",
                      ""of"": ""y""
                    },
                    ""op"": "">"",
                    ""right"": 1980
                  }
                }
              }
            },
            ""op"": "">"",
            ""right"": 3
          }
        }
      }
    }
  ]
}
```"
15,Q03,Give me the films featuring more than three actors born after 1980,gemma4:e2b,True,0.05,56.347711,True,stop,1892,980,"```json
{
  ""hypotheses"": [
    {
      ""id"": ""h1"",
      ""query"": {
        ""target"": ""Movie"",
        ""where"": {
          ""cmp"": {
            ""left"": {
              ""count"": {
                ""rel"": ""starring"",
                ""to"": ""x"",
                ""where"": {
                  ""cmp"": {
                    ""left"": {
                      ""attr"": ""birth_year"",
                      ""of"": ""y""
                    },
                    ""op"": "">"",
                    ""right"": 1980
                  }
                }
              }
            },
            ""op"": "">"",
            ""right"": 3
          }
        }
      }
    }
  ]
}
```"
16,Q03,Give me the films featuring more than three actors born after 1980,gemma4:e2b,True,0.05,63.186612,True,stop,1892,1101,"```json
{
  ""hypotheses"": [
    {
      ""id"": ""h1"",
      ""query"": {
        ""target"": ""Movie"",
        ""where"": {
          ""cmp"": {
            ""left"": {
              ""count"": {
                ""rel"": ""features_actor"",
                ""to"": ""x"",
                ""where"": {
                  ""cmp"": {
                    ""left"": {
                      ""attr"": ""birth_year"",
                      ""of"": ""y""
                    },
                    ""op"": "">"",
                    ""right"": 1980
                  }
                }
              }
            },
            ""op"": "">"",
            ""right"": 3
          }
        }
      }
    }
  ]
}
```"
17,Q03,Give me the films featuring more than three actors born after 1980,gemma4:e2b,True,0.05,66.258713,True,stop,1892,1157,"```json
{
  ""hypotheses"": [
    {
      ""id"": ""h1"",
      ""query"": {
        ""target"": ""Movie"",
        ""where"": {
          ""cmp"": {
            ""left"": {
              ""count"": {
                ""rel"": ""features"",
                ""to"": ""x"",
                ""where"": {
                  ""cmp"": {
                    ""left"": {
                      ""count"": {
                        ""rel"": ""born_after"",
                        ""to"": ""y"",
                        ""where"": {
                          ""cmp"": {
                            ""left"": {
                              ""attr"": ""birth_year"",
                              ""of"": ""y""
                            },
                            ""op"": "">"",
                            ""right"": 1980
                          }
                        }
                      }
                    },
                    ""op"": "">"",
                    ""right"": 3
                  }
                }
              }
            },
            ""op"": "">"",
            ""right"": 0
          }
        }
      }
    }
  ]
}
```"
18,Q03,Give me the films featuring more than three actors born after 1980,gemma4:e2b,True,0.05,67.856827,True,stop,1892,1187,"```json
{
  ""hypotheses"": [
    {
      ""id"": ""h1"",
      ""query"": {
        ""target"": ""Movie"",
        ""where"": {
          ""cmp"": {
            ""left"": {
              ""count"": {
                ""rel"": ""actor"",
                ""to"": ""x"",
                ""where"": {
                  ""cmp"": {
                    ""left"": {
                      ""attr"": ""birth_year"",
                      ""of"": ""x""
                    },
                    ""op"": "">"",
                    ""right"": 1980
                  }
                }
              }
            },
            ""op"": "">"",
            ""right"": 3
          }
        }
      }
    }
  ]
}
```"
19,Q03,Give me the films featuring more than three actors born after 1980,gemma4:e2b,True,0.05,67.55663,True,stop,1892,1182,"```json
{
  ""hypotheses"": [
    {
      ""id"": ""h1"",
      ""query"": {
        ""target"": ""Movie"",
        ""where"": {
          ""cmp"": {
            ""left"": {
              ""count"": {
                ""rel"": ""actor"",
                ""to"": ""x"",
                ""where"": {
                  ""cmp"": {
                    ""left"": {
                      ""attr"": ""birth_year"",
                      ""of"": ""x""
                    },
                    ""op"": "">"",
                    ""right"": 1980
                  }
                }
              }
            },
            ""op"": "">"",
            ""right"": 3
          }
        }
      }
    }
  ]
}
```"
20,Q03,Give me the films featuring more than three actors born after 1980,gemma4:e2b,True,0.05,64.613678,True,stop,1892,1123,"```json
{
  ""hypotheses"": [
    {
      ""id"": ""h1"",
      ""query"": {
        ""target"": ""Movie"",
        ""where"": {
          ""cmp"": {
            ""left"": {
              ""count"": {
                ""rel"": ""has_actor"",
                ""to"": ""x"",
                ""where"": {
                  ""cmp"": {
                    ""left"": {
                      ""attr"": ""birth_year"",
                      ""of"": ""y""
                    },
                    ""op"": "">"",
                    ""right"": 1980
                  }
                }
              }
            },
            ""op"": "">"",
            ""right"": 3
          }
        }
      }
    }
  ]
}
```"
21,Q03,Give me the films featuring more than three actors born after 1980,gemma4:e2b,True,0.05,65.418484,True,stop,1892,1144,"```json
{
  ""hypotheses"": [
    {
      ""id"": ""h1"",
      ""query"": {
        ""target"": ""Movie"",
        ""where"": {
          ""cmp"": {
            ""left"": {
              ""count"": {
                ""rel"": ""actor"",
                ""to"": ""x"",
                ""where"": {
                  ""cmp"": {
                    ""left"": {
                      ""attr"": ""birth_year"",
                      ""of"": ""x""
                    },
                    ""op"": "">"",
                    ""right"": 1980
                  }
                }
              }
            },
            ""op"": "">"",
            ""right"": 3
          }
        }
      }
    }
  ]
}
```"
22,Q03,Give me the films featuring more than three actors born after 1980,gemma4:e2b,True,0.05,69.660427,True,stop,1892,1219,"```json
{
  ""hypotheses"": [
    {
      ""id"": ""h1"",
      ""query"": {
        ""target"": ""Movie"",
        ""where"": {
          ""cmp"": {
            ""left"": {
              ""count"": {
                ""rel"": ""actor"",
                ""to"": ""x"",
                ""where"": {
                  ""cmp"": {
                    ""left"": {
                      ""attr"": ""birth_year"",
                      ""of"": ""x""
                    },
                    ""op"": "">"",
                    ""right"": 1980
                  }
                }
              }
            },
            ""op"": "">"",
            ""right"": 3
          }
        }
      }
    }
  ]
}
```"
23,Q03,Give me the films featuring more than three actors born after 1980,gemma4:e2b,True,0.05,69.658661,True,stop,1892,1215,"```json
{
  ""hypotheses"": [
    {
      ""id"": ""h1"",
      ""query"": {
        ""target"": ""Movie"",
        ""entities"": [
          { ""id"": ""e1"", ""type"": ""Movie"" }
        ],
        ""where"": {
          ""cmp"": {
            ""left"": {
              ""count"": {
                ""rel"": ""actor"",
                ""to"": ""x"",
                ""where"": {
                  ""cmp"": {
                    ""left"": {
                      ""attr"": ""birth_year"",
                      ""of"": ""y""
                    },
                    ""op"": "">"",
                    ""right"": 1980
                  }
                }
              }
            },
            ""op"": "">"",
            ""right"": 3
          }
        }
      }
    }
  ]
}
```"
24,Q03,Give me the films featuring more than three actors born after 1980,gemma4:e2b,True,0.05,67.098661,True,stop,1892,1174,"```json
{
  ""hypotheses"": [
    {
      ""id"": ""h1"",
      ""query"": {
        ""target"": ""Movie"",
        ""where"": {
          ""cmp"": {
            ""left"": {
              ""count"": {
                ""rel"": ""actor"",
                ""to"": ""x"",
                ""where"": {
                  ""cmp"": {
                    ""left"": {
                      ""attr"": ""birth_year"",
                      ""of"": ""x""
                    },
                    ""op"": "">"",
                    ""right"": 1980
                  }
                }
              },
              ""op"": "">"",
              ""right"": 3
            }
          }
        }
      }
    }
  ]
}
```"
25,Q03,Give me the films featuring more than three actors born after 1980,gemma4:e2b,True,0.05,61.796955,True,stop,1892,1078,"```json
{
  ""hypotheses"": [
    {
      ""id"": ""h1"",
      ""query"": {
        ""target"": ""Movie"",
        ""where"": {
          ""cmp"": {
            ""left"": {
              ""count"": {
                ""rel"": ""actor"",
                ""to"": ""x"",
                ""where"": {
                  ""cmp"": {
                    ""left"": {
                      ""attr"": ""birth_year"",
                      ""of"": ""x""
                    },
                    ""op"": "">"",
                    ""right"": 1980
                  }
                }
              }
            },
            ""op"": "">"",
            ""right"": 3
          }
        }
      }
    }
  ]
}
```"
26,Q03,Give me the films featuring more than three actors born after 1980,gemma4:e2b,True,0.05,85.283243,True,stop,1892,1495,"```json
{
  ""hypotheses"": [
    {
      ""id"": ""h1"",
      ""query"": {
        ""target"": ""Movie"",
        ""where"": {
          ""cmp"": {
            ""left"": {
              ""count"": {
                ""rel"": ""actor"",
                ""to"": ""x"",
                ""where"": {
                  ""cmp"": {
                    ""left"": {
                      ""attr"": ""birth_year"",
                      ""of"": ""x""
                    },
                    ""op"": "">"",
                    ""right"": 1980
                  }
                }
              }
            },
            ""op"": "">"",
            ""right"": 3
          }
        }
      }
    }
  ]
}
```"
27,Q03,Give me the films featuring more than three actors born after 1980,gemma4:e2b,True,0.05,77.75021,True,stop,1892,1358,"```json
{
  ""hypotheses"": [
    {
      ""id"": ""h1"",
      ""query"": {
        ""target"": ""Movie"",
        ""where"": {
          ""cmp"": {
            ""left"": {
              ""count"": {
                ""rel"": ""features"",
                ""to"": ""x"",
                ""where"": {
                  ""and"": [
                    {
                      ""rel"": ""born"",
                      ""to"": ""y"",
                      ""cmp"": {
                        ""left"": {
                          ""attr"": ""birth_year"",
                          ""of"": ""y""
                        },
                        ""op"": "">"",
                        ""right"": 1980
                      }
                    }
                  ]
                }
              }
            },
            ""op"": "">"",
            ""right"": 3
          }
        }
      }
    }
  ]
}
```"
28,Q03,Give me the films featuring more than three actors born after 1980,gemma4:e2b,True,0.05,87.048748,True,stop,1892,1527,"```json
{
  ""hypotheses"": [
    {
      ""id"": ""h1"",
      ""query"": {
        ""target"": ""Movie"",
        ""where"": {
          ""cmp"": {
            ""left"": {
              ""count"": {
                ""rel"": ""starring"",
                ""to"": ""x"",
                ""where"": {
                  ""cmp"": {
                    ""left"": {
                      ""attr"": ""birth_year"",
                      ""of"": ""y""
                    },
                    ""op"": "">"",
                    ""right"": 1980
                  }
                }
              }
            },
            ""op"": "">"",
            ""right"": 3
          }
        }
      }
    }
  ]
}
```"
29,Q03,Give me the films featuring more than three actors born after 1980,gemma4:e2b,True,0.05,69.683259,True,stop,1892,1222,"```json
{
  ""hypotheses"": [
    {
      ""id"": ""h1"",
      ""query"": {
        ""target"": ""Movie"",
        ""where"": {
          ""cmp"": {
            ""left"": {
              ""count"": {
                ""rel"": ""actor"",
                ""to"": ""x"",
                ""where"": {
                  ""cmp"": {
                    ""left"": {
                      ""attr"": ""birth_year"",
                      ""of"": ""y""
                    },
                    ""op"": "">"",
                    ""right"": 1980
                  }
                }
              },
              ""op"": "">"",
              ""right"": 3
            }
          }
        }
      }
    }
  ]
}
```"
30,Q03,Give me the films featuring more than three actors born after 1980,gemma4:e2b,True,0.05,67.137228,True,stop,1892,1175,"```json
{
  ""hypotheses"": [
    {
      ""id"": ""h1"",
      ""query"": {
        ""target"": ""Movie"",
        ""where"": {
          ""cmp"": {
            ""left"": {
              ""count"": {
                ""rel"": ""actor"",
                ""to"": ""x"",
                ""where"": {
                  ""cmp"": {
                    ""left"": {
                      ""attr"": ""birth_year"",
                      ""of"": ""x""
                    },
                    ""op"": "">"",
                    ""right"": 1980
                  }
                }
              }
            },
            ""op"": "">"",
            ""right"": 3
          }
        }
      }
    }
  ]
}
```"
