Run,Query ID,Query,Model,Thinking,Temperature,Inference Time (s),Valid JSON,Done Reason,Prompt Eval Count,Prompt Eval Duration (s),Eval Count,Eval Duration (s),Generation Throughput (tokens/s),Response
1,Q03,Give me the third-degree relatives of Alfonso X.,ministral-3:14b,False,0.025,124.93988,True,stop,3401,0.810194,276,123.455543,2.2356,"```json
{
  ""hypotheses_set"": [
    {
      ""target"": [
        {
          ""list"": {
            ""nodes_of"": ""p_3rd_degree"",
            ""node_id"": ""e_alfonso""
          },
          ""distinct"": true
        }
      ],
      ""entities"": [
        { ""id"": ""e_alfonso"", ""type"": ""Person"" },
        { ""id"": ""e_relative_1"", ""type"": ""Person"" },
        { ""id"": ""e_relative_2"", ""type"": ""Person"" },
        { ""id"": ""e_relative_3"", ""type"": ""Person"" }
      ],
      ""paths"": [
        {
          ""id"": ""p_3rd_degree"",
          ""start"": ""e_alfonso"",
          ""roles"": [""parent_of"", ""sibling_of"", ""spouse_of"", ""child_of"", ""descendant_of"", ""ancestor_of""]
        }
      ],
      ""constraint"": {
        ""and_conditions"": [
          {
            ""left"": { ""attribute_name"": ""name"", ""of"": ""e_alfonso"" },
            ""operator"": ""="",
            ""right"": ""Alfonso X""
          }
        ]
      }
    }
  ]
}
```"
2,Q03,Give me the third-degree relatives of Alfonso X.,ministral-3:14b,False,0.025,264.625504,True,stop,3401,0.55724,583,263.322734,2.214,"```json
{
  ""hypotheses_set"": [
    {
      ""target"": [
        {
          ""list"": {
            ""nodes_of"": ""p_3rd_degree"",
            ""node_id"": ""e_alfonso""
          },
          ""distinct"": true
        }
      ],
      ""entities"": [
        { ""id"": ""e_alfonso"", ""type"": ""Person"" },
        { ""id"": ""e_relative_1"", ""type"": ""Person"" },
        { ""id"": ""e_relative_2"", ""type"": ""Person"" },
        { ""id"": ""e_relative_3"", ""type"": ""Person"" }
      ],
      ""paths"": [
        {
          ""id"": ""p_3rd_degree"",
          ""start"": ""e_alfonso"",
          ""roles"": [""parent_of"", ""parent_of"", ""parent_of"", ""child_of"", ""child_of"", ""child_of""]
        }
      ],
      ""constraint"": {
        ""and_conditions"": [
          {
            ""left"": { ""attribute_name"": ""name"", ""of"": ""e_alfonso"" },
            ""operator"": ""="",
            ""right"": ""Alfonso X""
          }
        ]
      }
    },
    {
      ""target"": [
        {
          ""list"": {
            ""nodes_of"": ""p_3rd_degree"",
            ""node_id"": ""e_alfonso""
          },
          ""distinct"": true
        }
      ],
      ""entities"": [
        { ""id"": ""e_alfonso"", ""type"": ""Person"" },
        { ""id"": ""e_relative_1"", ""type"": ""Person"" },
        { ""id"": ""e_relative_2"", ""type"": ""Person"" },
        { ""id"": ""e_relative_3"", ""type"": ""Person"" }
      ],
      ""paths"": [
        {
          ""id"": ""p_3rd_degree"",
          ""start"": ""e_alfonso"",
          ""roles"": [""spouse_of"", ""parent_of"", ""parent_of"", ""child_of"", ""child_of"", ""child_of""]
        },
        {
          ""id"": ""p_3rd_degree"",
          ""start"": ""e_alfonso"",
          ""roles"": [""parent_of"", ""spouse_of"", ""parent_of"", ""child_of"", ""child_of"", ""child_of""]
        }
      ],
      ""constraint"": {
        ""and_conditions"": [
          {
            ""left"": { ""attribute_name"": ""name"", ""of"": ""e_alfonso"" },
            ""operator"": ""="",
            ""right"": ""Alfonso X""
          }
        ]
      }
    }
  ]
}
```"
3,Q03,Give me the third-degree relatives of Alfonso X.,ministral-3:14b,False,0.025,125.148171,True,stop,3401,0.504153,276,124.096044,2.2241,"```json
{
  ""hypotheses_set"": [
    {
      ""target"": [
        {
          ""list"": {
            ""nodes_of"": ""p_3rd_degree"",
            ""node_id"": ""e_alfonso""
          },
          ""distinct"": true
        }
      ],
      ""entities"": [
        { ""id"": ""e_alfonso"", ""type"": ""Person"" },
        { ""id"": ""e_relative_1"", ""type"": ""Person"" },
        { ""id"": ""e_relative_2"", ""type"": ""Person"" },
        { ""id"": ""e_relative_3"", ""type"": ""Person"" }
      ],
      ""paths"": [
        {
          ""id"": ""p_3rd_degree"",
          ""start"": ""e_alfonso"",
          ""roles"": [""parent_of"", ""sibling_of"", ""spouse_of"", ""child_of"", ""descendant_of"", ""ancestor_of""]
        }
      ],
      ""constraint"": {
        ""and_conditions"": [
          {
            ""left"": { ""attribute_name"": ""name"", ""of"": ""e_alfonso"" },
            ""operator"": ""="",
            ""right"": ""Alfonso X""
          }
        ]
      }
    }
  ]
}
```"
4,Q03,Give me the third-degree relatives of Alfonso X.,ministral-3:14b,False,0.025,264.610956,True,stop,3401,0.400038,583,263.354445,2.2137,"```json
{
  ""hypotheses_set"": [
    {
      ""target"": [
        {
          ""list"": {
            ""nodes_of"": ""p_3rd_degree"",
            ""node_id"": ""e_alfonso""
          },
          ""distinct"": true
        }
      ],
      ""entities"": [
        { ""id"": ""e_alfonso"", ""type"": ""Person"" },
        { ""id"": ""e_relative_1"", ""type"": ""Person"" },
        { ""id"": ""e_relative_2"", ""type"": ""Person"" },
        { ""id"": ""e_relative_3"", ""type"": ""Person"" }
      ],
      ""paths"": [
        {
          ""id"": ""p_3rd_degree"",
          ""start"": ""e_alfonso"",
          ""roles"": [""parent_of"", ""parent_of"", ""parent_of"", ""child_of"", ""child_of"", ""child_of""]
        }
      ],
      ""constraint"": {
        ""and_conditions"": [
          {
            ""left"": { ""attribute_name"": ""name"", ""of"": ""e_alfonso"" },
            ""operator"": ""="",
            ""right"": ""Alfonso X""
          }
        ]
      }
    },
    {
      ""target"": [
        {
          ""list"": {
            ""nodes_of"": ""p_3rd_degree"",
            ""node_id"": ""e_alfonso""
          },
          ""distinct"": true
        }
      ],
      ""entities"": [
        { ""id"": ""e_alfonso"", ""type"": ""Person"" },
        { ""id"": ""e_relative_1"", ""type"": ""Person"" },
        { ""id"": ""e_relative_2"", ""type"": ""Person"" },
        { ""id"": ""e_relative_3"", ""type"": ""Person"" }
      ],
      ""paths"": [
        {
          ""id"": ""p_3rd_degree"",
          ""start"": ""e_alfonso"",
          ""roles"": [""spouse_of"", ""parent_of"", ""parent_of"", ""child_of"", ""child_of"", ""child_of""]
        },
        {
          ""id"": ""p_3rd_degree"",
          ""start"": ""e_alfonso"",
          ""roles"": [""parent_of"", ""spouse_of"", ""parent_of"", ""child_of"", ""child_of"", ""child_of""]
        }
      ],
      ""constraint"": {
        ""and_conditions"": [
          {
            ""left"": { ""attribute_name"": ""name"", ""of"": ""e_alfonso"" },
            ""operator"": ""="",
            ""right"": ""Alfonso X""
          }
        ]
      }
    }
  ]
}
```"
5,Q03,Give me the third-degree relatives of Alfonso X.,ministral-3:14b,False,0.025,124.802637,True,stop,3401,0.398042,276,123.806542,2.2293,"```json
{
  ""hypotheses_set"": [
    {
      ""target"": [
        {
          ""list"": {
            ""nodes_of"": ""p_3rd_degree"",
            ""node_id"": ""e_alfonso""
          },
          ""distinct"": true
        }
      ],
      ""entities"": [
        { ""id"": ""e_alfonso"", ""type"": ""Person"" },
        { ""id"": ""e_relative_1"", ""type"": ""Person"" },
        { ""id"": ""e_relative_2"", ""type"": ""Person"" },
        { ""id"": ""e_relative_3"", ""type"": ""Person"" }
      ],
      ""paths"": [
        {
          ""id"": ""p_3rd_degree"",
          ""start"": ""e_alfonso"",
          ""roles"": [""parent_of"", ""sibling_of"", ""spouse_of"", ""child_of"", ""descendant_of"", ""ancestor_of""]
        }
      ],
      ""constraint"": {
        ""and_conditions"": [
          {
            ""left"": { ""attribute_name"": ""name"", ""of"": ""e_alfonso"" },
            ""operator"": ""="",
            ""right"": ""Alfonso X""
          }
        ]
      }
    }
  ]
}
```"
